index,computer_name,computer_spec,price_spec,price
1,,9800X3D / RTX 5080 / (AMD) B650 / OS미포함 / 900W / AMD / 라이젠 9000시리즈 / 라이젠7 / 그래니트 릿지 / DDR5 / 32GB / M.2 / 1TB / NVIDIA / 그래픽 메모리: 16GB / 1Gbps 유선 / HDMI / DP포트 / 파워서플라이 / 미들타워 / 어항형 / 수랭쿨러 / LED쿨러 / 용도: 게임용,"32GB, M.2 1TB","4,486,170원"
2,,5600 / RTX 5060 / (AMD) B550 / OS미포함 / 600W / AMD / 라이젠 5000시리즈 / 라이젠5 / 버미어 / DDR4 / 16GB / M.2 / 256GB / NVIDIA / 그래픽 메모리: 8GB / 1Gbps 유선 / HDMI / DP포트 / 파워서플라이 / 미들타워 / LED쿨러 / 용도: 게임용,"16GB, M.2 256GB","1,125,100원"
3,,7500F / RTX 5060 Ti / (AMD) B650 / OS미포함 / 700W / AMD / 라이젠 7000시리즈 / 라이젠5 / 라파엘 / DDR5 / 16GB / M.2 / 500GB / NVIDIA / 1Gbps 유선 / HDMI / DP포트 / 파워서플라이 / 미들타워 / 어항형 / LED쿨러 / 용도: 게임용,"16GB, M.2 500GB","1,524,820원"
4,,9800X3D / RTX 5070 Ti / (AMD) B850 / OS미포함 / 850W / AMD / 라이젠 9000시리즈 / 라이젠7 / 그래니트 릿지 / DDR5 / 32GB / M.2 / 1TB / NVIDIA / 그래픽 메모리: 16GB / 5Gbps 유선 / 802.11be(Wi-Fi 7) 무선 / 블루투스 / HDMI / DP포트 / USB3.x 10Gbps / USB3.x 5Gbps / USB C타입 10Gbps / 파워서플라이 / 미들타워 / 수랭쿨러 / LED쿨러 / 용도: 게임용,"32GB, M.2 1TB","3,799,180원"
5,,7800X3D / RTX 5070 / (AMD) B650 / OS미포함 / 800W / AMD / 라이젠 7000시리즈 / 라이젠7 / 라파엘 / DDR5 / 32GB / M.2 / 1TB / NVIDIA / 그래픽 메모리: 12GB / 1Gbps 유선 / HDMI / DP포트 / 파워서플라이 / 미들타워 / 어항형 / LED쿨러 / 용도: 게임용,"32GB, M.2 1TB","2,659,760원"
6,,5600 / RTX 5060 / (AMD) A520 / OS미포함 / 600W / AMD / 라이젠 5000시리즈 / 라이젠5 / 버미어 / DDR4 / 16GB / M.2 / 500GB / NVIDIA / 1Gbps 유선 / HDMI / DP포트 / 파워서플라이 / 미들타워 / 어항형 / LED쿨러 / 용도: 게임용,"16GB, M.2 500GB","1,248,060원"
7,,7500F / RTX 5060 Ti / (AMD) A620 / OS미포함 / 700W / AMD / 라이젠 7000시리즈 / 라이젠5 / 라파엘 / DDR5 / 16GB / M.2 / 512GB / NVIDIA / 그래픽 메모리: 8GB / 1Gbps 유선 / HDMI / DP포트 / 파워서플라이 / 미들타워 / 어항형 / LED쿨러 / 용도: 게임용,"16GB, M.2 512GB","1,450,570원"
8,,9600X / RTX 5070 / (AMD) B850 / OS미포함 / 750W / AMD / 라이젠 9000시리즈 / 라이젠5 / 그래니트 릿지 / DDR5 / 16GB / M.2 / 1TB / NVIDIA / 그래픽 메모리: 12GB / 5Gbps 유선 / HDMI / DP포트 / USB3.x 10Gbps / USB3.x 5Gbps / USB C타입 10Gbps / 파워서플라이 / 미들타워 / LED쿨러 / 용도: 게임용 / 구성변경상품,"16GB, M.2 1TB","2,399,520원"
9,,7500F / RTX 5060 / (AMD) B650 / OS미포함 / 750W / AMD / 라이젠 7000시리즈 / 라이젠5 / 라파엘 / DDR5 / 16GB / M.2 / 512GB / NVIDIA / 그래픽 메모리: 8GB / 1Gbps 유선 / HDMI / DP포트 / 파워서플라이 / 미들타워 / LED쿨러 / 용도: 게임용,"16GB, M.2 512GB","1,788,000원"
10,,9600X / RTX 5070 / (AMD) B850 / OS미포함 / 850W / AMD / 라이젠 9000시리즈 / 라이젠5 / 그래니트 릿지 / DDR5 / 16GB / M.2 / 1TB / NVIDIA / 그래픽 메모리: 12GB / 1Gbps 유선 / 파워서플라이 / 미들타워 / 어항형 / LED쿨러 / 용도: 게임용,"16GB, M.2 1TB","2,838,420원"
11,,250K Plus / RTX 5060 / (인텔) B860 / OS미포함 / 750W / 인텔 / 코어울트라 시리즈2 / 코어 울트라5 / 애로우레이크 / 인텔 AI Boost / 13TOPS / DDR5 / 16GB / M.2 / 500GB / NVIDIA / 그래픽 메모리: 8GB / 1Gbps 유선 / HDMI / DP포트 / 파워서플라이 / 미들타워 / LED쿨러 / 용도: 게임용,"16GB, M.2 500GB","1,970,440원"
12,,9800X3D / RTX 5080 / (AMD) B850 / OS미포함 / 850W / AMD / 라이젠 9000시리즈 / 라이젠7 / 그래니트 릿지 / DDR5 / 32GB / M.2 / 1TB / NVIDIA / 그래픽 메모리: 16GB / 2.5Gbps 유선 / 802.11ax(Wi-Fi 6E) 무선 / 블루투스 / HDMI / DP포트 / USB3.x 10Gbps / USB3.x 5Gbps / USB C타입 10Gbps / 파워서플라이 / 미들타워 / 어항형 / 수랭쿨러 / LED쿨러 / 용도: 게임용,"32GB, M.2 1TB","4,399,840원"
13,,7500F / RTX 5060 Ti / (AMD) B650 / OS미포함 / 650W / AMD / 라이젠 7000시리즈 / 라이젠5 / 라파엘 / DDR5 / 16GB / M.2 / 1TB / NVIDIA / 그래픽 메모리: 8GB / 2.5Gbps 유선 / HDMI / DP포트 / USB3.x 10Gbps / USB3.x 5Gbps / 파워서플라이 / 미들타워 / LED쿨러 / 10.895kg 초과 / 용도: 게임용,"16GB, M.2 1TB","1,749,490원"
14,,i5-14400F / RTX 5060 / (인텔) B760 / OS미포함 / 600W / 인텔 / 코어 14세대 / 코어i5 / 랩터레이크-R / DDR5 / 32GB / M.2 / 1TB / NVIDIA / 그래픽 메모리: 8GB / 1Gbps 유선 / HDMI / DP포트 / 파워서플라이 / 미들타워 / 어항형 / LED쿨러 / 용도: 게임용,"32GB, M.2 1TB","2,390,000원"
15,,i5-14400F / GTX 1660 SUPER / (인텔) H610 / OS미포함 / 600W / 인텔 / 코어 14세대 / 코어i5 / 랩터레이크-R / DDR4 / 16GB / M.2 / 512GB / NVIDIA / 그래픽 메모리: 6GB / 1Gbps 유선 / HDMI / DP포트 / USB3.x 5Gbps / 파워서플라이 / 미들타워 / 용도: 게임용,"16GB, M.2 512GB","939,460원"
16,,7500F / RTX 5060 / (AMD) A620 / OS미포함 / 600W / AMD / 라이젠 7000시리즈 / 라이젠5 / 라파엘 / DDR5 / 16GB / M.2 / 500GB / NVIDIA / 그래픽 메모리: 8GB / 1Gbps 유선 / HDMI / DP포트 / 파워서플라이 / 미들타워 / 어항형 / LED쿨러 / 용도: 게임용,"16GB, M.2 500GB","1,493,430원"
17,,9700X / RTX 5070 / (AMD) B650 / OS미포함 / 800W / AMD / 라이젠 9000시리즈 / 라이젠7 / 그래니트 릿지 / DDR5 / 32GB / M.2 / 1TB / NVIDIA / 그래픽 메모리: 12GB / 1Gbps 유선 / HDMI / DP포트 / 파워서플라이 / 미들타워 / 어항형 / LED쿨러 / 용도: 게임용,"32GB, M.2 1TB","2,629,770원"
18,,9700X / RTX 5060 Ti / (AMD) A620 / OS미포함 / 750W / AMD / 라이젠 9000시리즈 / 라이젠7 / 그래니트 릿지 / DDR5 / 32GB / M.2 / 1TB / NVIDIA / 그래픽 메모리: 8GB / 1Gbps 유선 / HDMI / DP포트 / 파워서플라이 / 미들타워 / 어항형 / LED쿨러 / 용도: 게임용,"32GB, M.2 1TB","2,069,720원"
19,,7500F / RTX 5060 / (AMD) B650 / OS미포함 / 750W / AMD / 라이젠 7000시리즈 / 라이젠5 / 라파엘 / DDR5 / 32GB / M.2 / 500GB / NVIDIA / 그래픽 메모리: 8GB / 1Gbps 유선 / HDMI / DP포트 / 파워서플라이 / 미들타워 / 어항형 / LED쿨러 / 용도: 게임용,"32GB, M.2 500GB","2,335,360원"
20,,265KF / RTX 5060 Ti / (인텔) B860 / OS미포함 / 850W / 인텔 / 코어울트라 시리즈2 / 코어 울트라7 / 애로우레이크 / 인텔 AI Boost / 13TOPS / DDR5 / 16GB / M.2 / 1TB / NVIDIA / 그래픽 메모리: 8GB / 1Gbps 유선 / 파워서플라이 / 미들타워 / 어항형 / 수랭쿨러 / LED쿨러 / 용도: 게임용,"16GB, M.2 1TB","2,630,000원"
21,,i5-14400F / RTX 5060 Ti / (인텔) B760 / OS미포함 / 800W / 인텔 / 코어 14세대 / 코어i5 / 랩터레이크-R / DDR5 / 16GB / M.2 / 500GB / NVIDIA / 그래픽 메모리: 16GB / 1Gbps 유선 / HDMI / DP포트 / 파워서플라이 / 미들타워 / 어항형 / LED쿨러 / 용도: 게임용,"16GB, M.2 500GB","2,290,580원"
22,,7500F / RTX 5060 / (AMD) A620 / OS미포함 / 700W / AMD / 라이젠 7000시리즈 / 라이젠5 / 라파엘 / DDR5 / 16GB / M.2 / 500GB / NVIDIA / 그래픽 메모리: 8GB / 1Gbps 유선 / HDMI / DP포트 / 파워서플라이 / 미들타워 / LED쿨러 / 용도: 게임용,"16GB, M.2 500GB","1,660,980원"
23,,9900X3D / RTX 5070 Ti / (AMD) X870E / OS미포함 / 1000W / AMD / 라이젠 9000시리즈 / 라이젠9 / 그래니트 릿지 / DDR5 / 16GB / HDD:2TB / M.2 / 1TB / NVIDIA / 그래픽 메모리: 16GB / 1Gbps 유선 / HDMI / DP포트 / 파워서플라이 / 빅타워 / 어항형 / 수랭쿨러 / LED쿨러 / 용도: 게임용,"16GB, M.2 1TB","4,812,300원"
24,,265K / RTX 5080 / (인텔) B860 / OS미포함 / 850W / 인텔 / 코어울트라 시리즈2 / 코어 울트라7 / 애로우레이크 / 인텔 AI Boost / 13TOPS / DDR5 / 16GB / M.2 / 512GB / NVIDIA / 그래픽 메모리: 16GB / 1Gbps 유선 / 파워서플라이 / 미들타워 / 어항형 / 수랭쿨러 / LED쿨러 / 용도: 게임용,"16GB, M.2 512GB","4,605,710원"
25,,7800X3D / RX 9070 XT / (AMD) B850 / OS미포함 / 850W / AMD / 라이젠 7000시리즈 / 라이젠7 / 라파엘 / DDR5 / 16GB / M.2 / 1TB / AMD / 그래픽 메모리: 16GB / 1Gbps 유선 / HDMI / DP포트 / 파워서플라이 / 빅타워 / 어항형 / LED쿨러 / 용도: 게임용,"16GB, M.2 1TB","3,143,780원"
26,,i5-14400F / RTX 5060 / (인텔) B760 / OS미포함 / 850W / 인텔 / 코어 14세대 / 코어i5 / 랩터레이크-R / DDR5 / 16GB / M.2 / 500GB / NVIDIA / 그래픽 메모리: 8GB / 1Gbps 유선 / HDMI / DP포트 / 파워서플라이 / 미들타워 / 어항형 / LED쿨러 / 용도: 게임용,"16GB, M.2 500GB","1,848,000원"
27,,7400F / RTX 5060 / (AMD) A620 / OS미포함 / 600W / AMD / 라이젠 7000시리즈 / 라이젠5 / 라파엘 / DDR5 / 16GB / M.2 / 500GB / NVIDIA / 그래픽 메모리: 8GB / 1Gbps 유선 / HDMI / DP포트 / USB3.x 5Gbps / 파워서플라이 / 미들타워 / LED쿨러 / 용도: 게임용,"16GB, M.2 500GB","2,045,000원"
28,,225F / RTX 5060 Ti / (인텔) H810 / OS미포함 / 600W / 인텔 / 코어울트라 시리즈2 / 코어 울트라5 / 애로우레이크 / 인텔 AI Boost / 13TOPS / DDR5 / 16GB / M.2 / 512GB / NVIDIA / 그래픽 메모리: 8GB / 1Gbps 유선 / HDMI / DP포트 / 파워서플라이 / 미들타워 / 어항형 / LED쿨러 / 용도: 게임용,"16GB, M.2 512GB","1,459,920원"
29,,i5-14400F / RTX 5060 / (인텔) H610 / OS미포함 / 600W / 인텔 / 코어 14세대 / 코어i5 / 랩터레이크-R / DDR5 / 16GB / M.2 / 500GB / NVIDIA / 그래픽 메모리: 8GB / 1Gbps 유선 / HDMI / DP포트 / USB3.x 5Gbps / USB C타입 5Gbps / 파워서플라이 / 미들타워 / 어항형 / LED쿨러 / 용도: 게임용,"16GB, M.2 500GB","2,085,000원"
30,,9800X3D / RTX 5070 Ti / OS미포함 / 1000W / AMD / 라이젠 9000시리즈 / 라이젠7 / 그래니트 릿지 / DDR5 / 64GB / M.2 / 1TB / NVIDIA / 그래픽 메모리: 16GB / 1Gbps 유선 / 802.11be(Wi-Fi 7) 무선 / 블루투스 / HDMI / DP포트 / USB3.x 5Gbps / USB C타입 10Gbps / 파워서플라이 / 미들타워 / 수랭쿨러 / LED쿨러 / 용도: 게임용 / 구성변경상품,"64GB, M.2 1TB","4,840,000원"
31,,285K / RTX 5090 / (인텔) Z890 / 윈도우11 프로 / 1200W / 인텔 / 코어울트라 시리즈2 / 코어 울트라9 / 애로우레이크 / 인텔 AI Boost / 13TOPS / DDR5 / 128GB / HDD:20TB / M.2 / 10TB / NVIDIA / 그래픽 메모리: 32GB / 1Gbps 유선 / 802.11ax(Wi-Fi 6E) 무선 / 블루투스 / HDMI / DP포트 / USB3.x 10Gbps / USB3.x 5Gbps / USB C타입 10Gbps / 파워서플라이 / 미들타워 / 수랭쿨러 / LED쿨러 / 22.6kg / 용도: 게임용,"128GB, M.2 10TB","19,990,000원"
32,,265F / RTX 5060 Ti / (인텔) B860 / OS미포함 / 500W / 인텔 / 코어울트라 시리즈2 / 코어 울트라7 / 애로우레이크 / 인텔 AI Boost / 13TOPS / DDR5 / 32GB / M.2 / 1TB / NVIDIA / 그래픽 메모리: 16GB / 2.5Gbps 유선 / 802.11ax(Wi-Fi 6E) 무선 / 블루투스 / HDMI / DP포트 / USB3.x 5Gbps / USB C타입 10Gbps / 파워서플라이 / 미니타워 / 용도: 게임용,"32GB, M.2 1TB","2,599,000원"
33,,i7-14700F / RTX 5060 Ti / (인텔) H610 / OS미포함 / 800W / 인텔 / 코어 14세대 / 코어i7 / 랩터레이크-R / DDR4 / 32GB / M.2 / 1TB / NVIDIA / 그래픽 메모리: 8GB / 파워서플라이 / 미들타워 / 어항형 / 용도: 게임용,"32GB, M.2 1TB","1,938,710원"
34,,9800X3D / RTX 5060 Ti / (AMD) B650 / OS미포함 / 750W / AMD / 라이젠 9000시리즈 / 라이젠7 / 그래니트 릿지 / DDR5 / 32GB / M.2 / 1TB / NVIDIA / 그래픽 메모리: 16GB / 1Gbps 유선 / HDMI / DP포트 / 파워서플라이 / 미들타워 / 어항형 / LED쿨러 / 용도: 게임용,"32GB, M.2 1TB","3,024,330원"
35,,7500F / RX 9060 XT / (AMD) A620 / OS미포함 / 700W / AMD / 라이젠 7000시리즈 / 라이젠5 / 라파엘 / DDR5 / 16GB / M.2 / 512GB / AMD / 그래픽 메모리: 16GB / 1Gbps 유선 / HDMI / DP포트 / 파워서플라이 / 미들타워 / 용도: 게임용,"16GB, M.2 512GB","1,688,760원"
36,,265 / RTX 3060 / 윈도우11 프로 / 500W / 인텔 / 코어울트라 시리즈2 / 코어 울트라7 / 애로우레이크 / 인텔 AI Boost / 13TOPS / DDR5 / 16GB / M.2 / 256GB / NVIDIA / 5.1채널 / 1Gbps 유선 / 802.11ax(Wi-Fi 6E) 무선 / 블루투스 / HDMI / DP포트 / USB3.x 10Gbps / USB3.x 5Gbps / USB C타입 10Gbps / USB C타입 5Gbps / 파워서플라이 / 미니타워 / 5.34kg / 용도: 게임용 / 구성변경상품,"16GB, M.2 256GB","2,150,000원"
37,,7800X3D / RTX 5060 Ti / (AMD) B650 / OS미포함 / 800W / AMD / 라이젠 7000시리즈 / 라이젠7 / 라파엘 / DDR5 / 16GB / M.2 / 1TB / NVIDIA / 그래픽 메모리: 8GB / 1Gbps 유선 / HDMI / DP포트 / USB3.x 5Gbps / 파워서플라이 / 미들타워 / 어항형 / 용도: 게임용,"16GB, M.2 1TB","1,923,240원"
38,,i5-14400F / RTX 5060 Ti / (인텔) H610 / OS미포함 / 800W / 인텔 / 코어 14세대 / 코어i5 / 랩터레이크-R / DDR4 / 32GB / M.2 / 1TB / NVIDIA / 그래픽 메모리: 16GB / 파워서플라이 / 미들타워 / 어항형 / 용도: 게임용,"32GB, M.2 1TB","2,031,250원"
39,,9800X3D / RTX 5070 Ti / (AMD) B650 / OS미포함 / 800W / AMD / 라이젠 9000시리즈 / 라이젠7 / 그래니트 릿지 / DDR5 / 32GB / M.2 / 1TB / NVIDIA / 그래픽 메모리: 16GB / 1Gbps 유선 / HDMI / DP포트 / 파워서플라이 / 미들타워 / 어항형 / 수랭쿨러 / LED쿨러 / 용도: 게임용,"32GB, M.2 1TB","3,702,330원"
40,,7500F / RTX 5060 / (AMD) B650 / OS미포함 / 600W / AMD / 라이젠 7000시리즈 / 라이젠5 / 라파엘 / DDR5 / 16GB / M.2 / 1TB / NVIDIA / 그래픽 메모리: 8GB / 2.5Gbps 유선 / HDMI / DP포트 / USB3.x 10Gbps / USB3.x 5Gbps / 파워서플라이 / 미들타워 / LED쿨러 / 용도: 게임용,"16GB, M.2 1TB","1,529,190원"
41,,5600X / RTX 3060 / (AMD) B550 / OS미포함 / 600W / AMD / 라이젠 5000시리즈 / 라이젠5 / 버미어 / DDR4 / 16GB / M.2 / 500GB / NVIDIA / 그래픽 메모리: 12GB / 1Gbps 유선 / HDMI / DP포트 / 파워서플라이 / 미들타워 / 용도: 게임용,"16GB, M.2 500GB","1,028,960원"
42,,5600 / RTX 5060 / (AMD) A520 / OS미포함 / 600W / AMD / 라이젠 5000시리즈 / 라이젠5 / 버미어 / DDR4 / 16GB / M.2 / 500GB / NVIDIA / 그래픽 메모리: 8GB / 1Gbps 유선 / HDMI / DP포트 / 파워서플라이 / 미들타워 / 어항형 / LED쿨러 / 용도: 게임용,"16GB, M.2 500GB","1,125,100원"
43,,7800X3D / RTX 5070 / (AMD) B850 / OS미포함 / 800W / AMD / 라이젠 7000시리즈 / 라이젠7 / 라파엘 / DDR5 / 16GB / M.2 / 1TB / NVIDIA / 1Gbps 유선 / HDMI / DP포트 / 파워서플라이 / 미들타워 / LED쿨러 / 용도: 게임용 / 구성변경상품,"16GB, M.2 1TB","2,546,070원"
44,,7500F / RTX 5060 / (AMD) A620 / OS미포함 / 600W / AMD / 라이젠 7000시리즈 / 라이젠5 / 라파엘 / DDR5 / 32GB / M.2 / 1TB / NVIDIA / 그래픽 메모리: 8GB / 1Gbps 유선 / HDMI / DP포트 / 파워서플라이 / 미들타워 / 어항형 / LED쿨러 / 용도: 게임용,"32GB, M.2 1TB","2,285,000원"
45,,9800X3D / RTX 5070 / (AMD) B650 / OS미포함 / 800W / AMD / 라이젠 9000시리즈 / 라이젠7 / 그래니트 릿지 / DDR5 / 32GB / M.2 / 1TB / NVIDIA / 그래픽 메모리: 12GB / 1Gbps 유선 / HDMI / DP포트 / 파워서플라이 / 미들타워 / 어항형 / LED쿨러 / 용도: 게임용,"32GB, M.2 1TB","2,839,770원"
46,,9950X3D2 / RTX 5090 / (AMD) X870E / OS미포함 / 1600W / AMD / 라이젠 9000시리즈 / 라이젠9 / 그래니트 릿지 / DDR5 / 64GB / M.2 / 2TB / NVIDIA / 그래픽 메모리: 32GB / 10Gbps 유선 / 802.11be(Wi-Fi 7) 무선 / 블루투스 / HDMI / DP포트 / USB3.x 10Gbps / USB3.x 5Gbps / USB C타입 40Gbps / 파워서플라이 / 빅타워 / 커스텀수랭 / 용도: 게임용,"64GB, M.2 2TB","23,710,000원"
47,,8500G / 740M / (AMD) PRO 665 / 윈도우11 프로 / 400W / AMD / 라이젠 8000시리즈 / 라이젠5 / 피닉스 / DDR5 / 8GB / M.2 / 1TB / NVIDIA / 802.11ax(Wi-Fi 6) 무선 / 블루투스 / HDMI / DP포트 / USB3.x 10Gbps / USB3.x 5Gbps / USB C타입 5Gbps / 파워서플라이 / 미들타워 / 6.1kg / 용도: 게임용 / 구성변경상품,"8GB, M.2 1TB","1,002,070원"
48,,265 / RTX 5070 / (인텔) B860 / 윈도우11 프로 / 800W / 인텔 / 코어울트라 시리즈2 / 코어 울트라7 / 애로우레이크 / 인텔 AI Boost / 13TOPS / DDR5 / 16GB / M.2 / 1TB / NVIDIA / 1Gbps 유선 / 802.11ax(Wi-Fi 6) 무선 / 블루투스 / HDMI / USB3.x 10Gbps / USB C타입 5Gbps / 파워서플라이 / 미들타워 / 용도: 게임용 / 구성변경상품,"16GB, M.2 1TB","4,185,990원"
49,,i9-14900KF / RTX 5080 / (인텔) B760 / OS미포함 / 1300W / 인텔 / 코어 14세대 / 코어i9 / 랩터레이크-R / DDR4 / 32GB / M.2 / 1TB / 그래픽 메모리: 16GB / 파워서플라이 / 미들타워 / 어항형 / 용도: 게임용,"32GB, M.2 1TB","3,858,560원"
50,,250KF Plus / RTX 5080 / (인텔) B860 / OS미포함 / 1300W / 인텔 / 코어울트라 시리즈2 / 코어 울트라5 / 애로우레이크 / 인텔 AI Boost / 13TOPS / DDR5 / 16GB / M.2 / 1TB / NVIDIA / 그래픽 메모리: 16GB / 파워서플라이 / 미들타워 / 어항형 / 용도: 게임용,"16GB, M.2 1TB","3,579,960원"
51,,265F / RX 9060 XT / (인텔) B860 / 윈도우11 프로 / 500W / 인텔 / 코어울트라 시리즈2 / 코어 울트라7 / 애로우레이크 / 인텔 AI Boost / 13TOPS / DDR5 / 16GB / M.2 / 1TB / AMD / 그래픽 메모리: 16GB / 2.5Gbps 유선 / 802.11ax(Wi-Fi 6E) 무선 / 블루투스 / HDMI / DP포트 / USB3.x 10Gbps / USB3.x 5Gbps / USB C타입 10Gbps / USB C타입 5Gbps / 파워서플라이 / 미니타워 / 용도: 게임용 / 구성변경상품,"16GB, M.2 1TB","2,498,990원"
52,,225F / RTX 5060 Ti / (인텔) H810 / OS미포함 / 700W / 인텔 / 코어울트라 시리즈2 / 코어 울트라5 / 애로우레이크 / 인텔 AI Boost / 13TOPS / DDR5 / 16GB / M.2 / 500GB / NVIDIA / 1Gbps 유선 / HDMI / DP포트 / 파워서플라이 / 미들타워 / 용도: 게임용,"16GB, M.2 500GB","1,566,340원"
53,,i5-14400F / RTX 5060 Ti / (인텔) H610 / OS미포함 / 600W / 인텔 / 코어 14세대 / 코어i5 / 랩터레이크-R / DDR4 / 16GB / M.2 / 1TB / NVIDIA / 1Gbps 유선 / HDMI / DP포트 / 파워서플라이 / 미들타워 / LED쿨러 / 용도: 게임용,"16GB, M.2 1TB","1,555,960원"
54,,i5-14400F / RTX 5060 / (인텔) H610 / 윈도우11 / 600W / 인텔 / 코어 14세대 / 코어i5 / 랩터레이크-R / DDR4 / 32GB / M.2 / 1TB / NVIDIA / 그래픽 메모리: 8GB / 1Gbps 유선 / HDMI / DP포트 / 파워서플라이 / 미들타워 / 용도: 게임용,"32GB, M.2 1TB","1,728,290원"
55,,7500F / RTX 5060 / (AMD) B650 / 윈도우11 프로 / 600W / AMD / 라이젠 7000시리즈 / 라이젠5 / 라파엘 / DDR5 / 16GB / M.2 / 1TB / NVIDIA / 그래픽 메모리: 8GB / 2.5Gbps 유선 / HDMI / DP포트 / USB3.x 10Gbps / USB3.x 5Gbps / 파워서플라이 / 미들타워 / LED쿨러 / 용도: 게임용,"16GB, M.2 1TB","1,788,010원"
56,,7500F / RTX 5060 Ti / (AMD) A620 / OS미포함 / 700W / AMD / 라이젠 7000시리즈 / 라이젠5 / 라파엘 / DDR5 / 16GB / M.2 / 512GB / NVIDIA / 그래픽 메모리: 8GB / 1Gbps 유선 / HDMI / DP포트 / 파워서플라이 / 미들타워 / 용도: 게임용,"16GB, M.2 512GB","1,435,740원"
57,,225F / RTX 5060 / (인텔) H810 / OS미포함 / 600W / 인텔 / 코어울트라 시리즈2 / 코어 울트라5 / 애로우레이크 / 인텔 AI Boost / 13TOPS / DDR5 / 16GB / M.2 / 500GB / NVIDIA / 그래픽 메모리: 8GB / 1Gbps 유선 / HDMI / DP포트 / 파워서플라이 / 미들타워 / 어항형 / LED쿨러 / 용도: 게임용,"16GB, M.2 500GB","1,329,660원"
58,,7500F / RTX 5060 Ti / (AMD) B650 / OS미포함 / 700W / AMD / 라이젠 7000시리즈 / 라이젠5 / 라파엘 / DDR5 / 16GB / M.2 / 1TB / NVIDIA / 그래픽 메모리: 8GB / 1Gbps 유선 / HDMI / DP포트 / USB3.x 5Gbps / 파워서플라이 / 미들타워 / 용도: 게임용,"16GB, M.2 1TB","1,608,910원"
59,,285K / RTX 5070 Ti / (인텔) B860 / OS미포함 / 1000W / 인텔 / 코어울트라 시리즈2 / 코어 울트라9 / 애로우레이크 / 인텔 AI Boost / 13TOPS / DDR5 / 32GB / HDD:4TB / M.2 / 1TB / NVIDIA / 그래픽 메모리: 16GB / 1Gbps 유선 / HDMI / DP포트 / 파워서플라이 / 미들타워 / 어항형 / 수랭쿨러 / LED쿨러 / 용도: 게임용,"32GB, M.2 1TB","5,563,660원"
60,,5600 / RTX 5050 / (AMD) A520 / OS미포함 / 600W / AMD / 라이젠 5000시리즈 / 라이젠5 / 버미어 / DDR4 / 16GB / M.2 / 512GB / NVIDIA / 그래픽 메모리: 8GB / 파워서플라이 / 용도: 게임용,"16GB, M.2 512GB","1,123,800원"
61,,9800X3D / RX 9070 XT / (AMD) B850 / OS미포함 / 850W / AMD / 라이젠 9000시리즈 / 라이젠7 / 그래니트 릿지 / DDR5 / 32GB / M.2 / 1TB / AMD / 1Gbps 유선 / HDMI / DP포트 / 파워서플라이 / 미들타워 / 어항형 / LED쿨러 / 용도: 게임용,"32GB, M.2 1TB","3,269,050원"
62,,7600 / RTX 3060 / (AMD) A620 / OS미포함 / 800W / AMD / 라이젠 7000시리즈 / 라이젠5 / 라파엘 / DDR5 / 32GB / M.2 / 512GB / NVIDIA / 그래픽 메모리: 12GB / 1Gbps 유선 / HDMI / DP포트 / 파워서플라이 / 미들타워 / 용도: 게임용,"32GB, M.2 512GB","1,277,800원"
63,,5600 / RTX 3050 / (AMD) A520 / OS미포함 / 600W / AMD / 라이젠 5000시리즈 / 라이젠5 / 버미어 / DDR4 / 16GB / M.2 / 500GB / NVIDIA / 그래픽 메모리: 6GB / 1Gbps 유선 / HDMI / DP포트 / 파워서플라이 / 미들타워 / 어항형 / LED쿨러 / 용도: 게임용,"16GB, M.2 500GB","1,067,400원"
64,,5600 / RTX 5060 / (AMD) A520 / OS미포함 / 600W / AMD / 라이젠 5000시리즈 / 라이젠5 / 버미어 / DDR4 / 16GB / M.2 / 500GB / NVIDIA / 그래픽 메모리: 8GB / 1Gbps 유선 / HDMI / DP포트 / USB3.x 5Gbps / 파워서플라이 / 미들타워 / LED쿨러 / 용도: 게임용,"16GB, M.2 500GB","1,319,400원"
65,,250K Plus / RTX 5070 / (인텔) B860 / OS미포함 / 850W / 인텔 / 코어울트라 시리즈2 / 코어 울트라5 / 애로우레이크 / 인텔 AI Boost / 13TOPS / DDR5 / 32GB / HDD:8TB / M.2 / 1TB / NVIDIA / 그래픽 메모리: 12GB / 2.5Gbps 유선 / HDMI / DP포트 / 파워서플라이 / 미들타워 / LED쿨러 / 용도: 게임용,"32GB, M.2 1TB","3,128,250원"
66,,7800X3D / RTX 5070 / (AMD) B650 / OS미포함 / 850W / AMD / 라이젠 7000시리즈 / 라이젠7 / 라파엘 / DDR5 / 32GB / M.2 / 1TB / NVIDIA / 그래픽 메모리: 12GB / 2.5Gbps 유선 / 802.11ax(Wi-Fi 6E) 무선 / 블루투스 / HDMI / DP포트 / USB3.x 10Gbps / USB3.x 5Gbps / USB C타입 20Gbps / 파워서플라이 / 미들타워 / 수랭쿨러 / 10.88kg / 용도: 게임용,"32GB, M.2 1TB","2,799,960원"
67,,265KF / RTX 5070 / (인텔) B860 / OS미포함 / 800W / 인텔 / 코어울트라 시리즈2 / 코어 울트라7 / 애로우레이크 / 인텔 AI Boost / 13TOPS / DDR5 / 32GB / M.2 / 1TB / NVIDIA / 그래픽 메모리: 12GB / 1Gbps 유선 / HDMI / DP포트 / 파워서플라이 / 미들타워 / 어항형 / 수랭쿨러 / LED쿨러 / 용도: 게임용,"32GB, M.2 1TB","2,759,770원"
68,,270K Plus / RTX 5080 / (인텔) B860 / OS미포함 / 850W / 인텔 / 코어울트라 시리즈2 / 코어 울트라7 / 애로우레이크 / 인텔 AI Boost / 13TOPS / DDR5 / 32GB / M.2 / 1TB / NVIDIA / 그래픽 메모리: 16GB / 2.5Gbps 유선 / HDMI / DP포트 / USB3.x 10Gbps / USB3.x 5Gbps / USB C타입 40Gbps / 파워서플라이 / 미들타워 / 어항형 / 용도: 게임용,"32GB, M.2 1TB","4,329,760원"
69,,7800X3D / RTX 5070 Ti / (AMD) B650 / OS미포함 / 800W / AMD / 라이젠 7000시리즈 / 라이젠7 / 라파엘 / DDR5 / 32GB / M.2 / 1TB / NVIDIA / 그래픽 메모리: 16GB / 1Gbps 유선 / HDMI / DP포트 / 파워서플라이 / 미들타워 / 어항형 / LED쿨러 / 용도: 게임용,"32GB, M.2 1TB","3,521,680원"
70,,i5-14400F / RTX 5060 / (인텔) H610 / OS미포함 / 600W / 인텔 / 코어 14세대 / 코어i5 / 랩터레이크-R / DDR4 / 16GB / M.2 / 512GB / NVIDIA / 1Gbps 유선 / HDMI / DP포트 / 파워서플라이 / 미들타워 / 용도: 게임용,"16GB, M.2 512GB","1,348,490원"
71,,7800X3D / RX 9070 XT / (AMD) B850 / OS미포함 / 850W / AMD / 라이젠 7000시리즈 / 라이젠7 / 라파엘 / DDR5 / 32GB / M.2 / 1TB / AMD / 그래픽 메모리: 16GB / 1Gbps 유선 / HDMI / DP포트 / 파워서플라이 / 미들타워 / 어항형 / LED쿨러 / 용도: 게임용,"32GB, M.2 1TB","2,880,000원"
72,,i3-12100F / GTX 1660 SUPER / (인텔) H610 / OS미포함 / 500W / 인텔 / 코어 12세대 / 코어i3 / 엘더레이크 / DDR4 / 16GB / SSD / 250GB / NVIDIA / 그래픽 메모리: 6GB / 1Gbps 유선 / HDMI / DP포트 / DVI / USB3.x 5Gbps / 파워서플라이 / 미들타워 / 용도: 게임용,,"800,940원"
73,,5600 / RTX 3050 / (AMD) A520 / OS미포함 / 600W / AMD / 라이젠 5000시리즈 / 라이젠5 / 버미어 / DDR4 / 16GB / M.2 / 500GB / NVIDIA / 1Gbps 유선 / HDMI / DP포트 / 파워서플라이 / 미들타워 / LED쿨러 / 용도: 게임용,"16GB, M.2 500GB","912,470원"
74,,i5-14400F / RTX 5060 Ti / (인텔) H610 / 윈도우11 / 700W / 인텔 / 코어 14세대 / 코어i5 / 랩터레이크-R / DDR4 / 32GB / M.2 / 1TB / NVIDIA / 그래픽 메모리: 8GB / 1Gbps 유선 / HDMI / DP포트 / 파워서플라이 / 미들타워 / 용도: 게임용,"32GB, M.2 1TB","1,833,190원"
75,,7800X3D / RTX 5060 Ti / (AMD) A620 / OS미포함 / 750W / AMD / 라이젠 7000시리즈 / 라이젠7 / 라파엘 / DDR5 / 32GB / M.2 / 1TB / NVIDIA / 그래픽 메모리: 8GB / 1Gbps 유선 / HDMI / DP포트 / 파워서플라이 / 미들타워 / 어항형 / LED쿨러 / 용도: 게임용,"32GB, M.2 1TB","1,980,680원"
76,,5600 / GTX 1650 / (AMD) B550 / OS미포함 / 600W / AMD / 라이젠 5000시리즈 / 라이젠5 / 버미어 / DDR4 / 16GB / M.2 / 500GB / NVIDIA / 그래픽 메모리: 4GB / 1Gbps 유선 / HDMI / DP포트 / DVI / 파워서플라이 / 미들타워 / 용도: 게임용,"16GB, M.2 500GB","1,223,400원"
77,,250KF Plus / RTX 5060 Ti / (인텔) B860 / 윈도우11 / 700W / 인텔 / 코어울트라 시리즈2 / 코어 울트라5 / 애로우레이크 / 인텔 AI Boost / 13TOPS / DDR5 / 32GB / M.2 / 1TB / NVIDIA / 그래픽 메모리: 8GB / 1Gbps 유선 / HDMI / DP포트 / 파워서플라이 / 미들타워 / 용도: 게임용,"32GB, M.2 1TB","2,281,780원"
78,,9950X3D / RTX 5080 / (AMD) X870E / OS미포함 / 1200W / AMD / 라이젠 9000시리즈 / 라이젠9 / 그래니트 릿지 / DDR5 / 32GB / HDD:4TB / M.2 / 1TB / NVIDIA / 그래픽 메모리: 16GB / 1Gbps 유선 / 802.11ax(Wi-Fi 6) 무선 / 블루투스 / HDMI / DP포트 / 파워서플라이 / 미들타워 / 어항형 / 수랭쿨러 / LED쿨러 / 용도: 게임용,"32GB, M.2 1TB","7,600,000원"
79,,9800X3D / RX 9070 XT / (AMD) B850 / OS미포함 / 850W / AMD / 라이젠 9000시리즈 / 라이젠7 / 그래니트 릿지 / DDR5 / 32GB / M.2 / 2TB / AMD / 1Gbps 유선 / 802.11be(Wi-Fi 7) 무선 / 블루투스 / HDMI / DP포트 / 파워서플라이 / 미들타워 / 수랭쿨러 / 용도: 게임용,"32GB, M.2 2TB","3,513,000원"
80,,i5-14400F / RTX 5060 Ti / (인텔) B760 / 윈도우11 / 700W / 인텔 / 코어 14세대 / 코어i5 / 랩터레이크-R / DDR5 / 32GB / M.2 / 1TB / NVIDIA / 1Gbps 유선 / HDMI / DP포트 / 파워서플라이 / 미들타워 / 용도: 게임용,"32GB, M.2 1TB","2,050,540원"
81,,7500F / RTX 5070 / (AMD) A620 / OS미포함 / 750W / AMD / 라이젠 7000시리즈 / 라이젠5 / 라파엘 / DDR5 / 32GB / M.2 / 1TB / NVIDIA / 그래픽 메모리: 12GB / 1Gbps 유선 / HDMI / DP포트 / 파워서플라이 / 미들타워 / 어항형 / LED쿨러 / 용도: 게임용,"32GB, M.2 1TB","2,349,750원"
82,,7500F / RX 9060 XT / (AMD) B650 / OS미포함 / 750W / AMD / 라이젠 7000시리즈 / 라이젠5 / 라파엘 / DDR5 / 16GB / M.2 / 1TB / AMD / 그래픽 메모리: 8GB / 1Gbps 유선 / HDMI / DP포트 / 파워서플라이 / 미들타워 / 어항형 / LED쿨러 / 용도: 게임용,"16GB, M.2 1TB","2,050,000원"
83,,5600 / RX 580 / (AMD) A520 / OS미포함 / 600W / AMD / 라이젠 5000시리즈 / 라이젠5 / 버미어 / DDR4 / 16GB / M.2 / 512GB / AMD / 1Gbps 유선 / 파워서플라이 / 미들타워 / 용도: 게임용,"16GB, M.2 512GB","812,130원"
84,,270K Plus / RTX 5070 / (인텔) B860 / OS미포함 / 850W / 인텔 / 코어울트라 시리즈2 / 코어 울트라7 / 애로우레이크 / 인텔 AI Boost / 13TOPS / DDR5 / 32GB / M.2 / 1TB / NVIDIA / 그래픽 메모리: 12GB / 2.5Gbps 유선 / HDMI / DP포트 / USB3.x 10Gbps / USB3.x 5Gbps / USB C타입 40Gbps / 파워서플라이 / 미들타워 / 어항형 / 용도: 게임용,"32GB, M.2 1TB","2,879,720원"
85,,9950X3D / RTX 5070 / (AMD) X870 / OS미포함 / 1200W / AMD / 라이젠 9000시리즈 / 라이젠9 / 그래니트 릿지 / DDR5 / 16GB / HDD:2TB / M.2 / 1TB / NVIDIA / 그래픽 메모리: 12GB / 1Gbps 유선 / HDMI / DP포트 / 파워서플라이 / 미들타워 / 어항형 / 수랭쿨러 / LED쿨러 / 용도: 게임용,"16GB, M.2 1TB","4,390,000원"
86,,225F / RTX 5060 Ti / (인텔) H810 / OS미포함 / 600W / 인텔 / 코어울트라 시리즈2 / 코어 울트라5 / 애로우레이크 / 인텔 AI Boost / 13TOPS / DDR5 / 16GB / M.2 / 1TB / NVIDIA / 그래픽 메모리: 8GB / 2.5Gbps 유선 / HDMI / DP포트 / USB3.x 5Gbps / 파워서플라이 / 미들타워 / LED쿨러 / 용도: 게임용 / 구성변경상품,"16GB, M.2 1TB","1,759,000원"
87,,5600 / RTX 5060 / (AMD) A520 / OS미포함 / 600W / AMD / 라이젠 5000시리즈 / 라이젠5 / 버미어 / DDR4 / 16GB / M.2 / 512GB / NVIDIA / 그래픽 메모리: 8GB / 1Gbps 유선 / HDMI / DP포트 / 파워서플라이 / 미들타워 / 용도: 게임용,"16GB, M.2 512GB","1,150,440원"
88,,7500F / RTX 5070 Ti / (AMD) B650 / OS미포함 / 800W / AMD / 라이젠 7000시리즈 / 라이젠5 / 라파엘 / DDR5 / 32GB / M.2 / 1TB / NVIDIA / 그래픽 메모리: 16GB / 1Gbps 유선 / HDMI / DP포트 / 파워서플라이 / 미들타워 / 어항형 / 수랭쿨러 / LED쿨러 / 용도: 게임용,"32GB, M.2 1TB","3,259,760원"
89,,9600X / RX 9060 / (AMD) B650 / OS미포함 / 850W / AMD / 라이젠 9000시리즈 / 라이젠5 / 그래니트 릿지 / DDR5 / 16GB / M.2 / 1TB / AMD / 그래픽 메모리: 8GB / 1Gbps 유선 / HDMI / DP포트 / 파워서플라이 / 미들타워 / 어항형 / 용도: 게임용,"16GB, M.2 1TB","1,876,880원"
90,,7400F / RTX 5060 / (AMD) B650 / OS미포함 / 600W / AMD / 라이젠 7000시리즈 / 라이젠5 / 라파엘 / DDR5 / 16GB / M.2 / 1TB / NVIDIA / 그래픽 메모리: 8GB / 1Gbps 유선 / HDMI / DP포트 / 파워서플라이 / 미들타워 / 어항형 / LED쿨러 / 용도: 게임용,"16GB, M.2 1TB","1,555,960원"
