page,product_name,specs,price
1,영웅컴퓨터 영웅 875 게이밍울트라560X R5 5600 RTX5060,5600 / RTX 5060 / (AMD) B550 / OS미포함 / 600W / AMD / 라이젠 5000시리즈 / 라이젠5 / 버미어 / DDR4 / 16GB / M.2 / 256GB / NVIDIA / 그래픽 메모리: 8GB / 1Gbps 유선 / HDMI / DP포트 / 파워서플라이 / 미들타워 / LED쿨러 / 용도: 게임용,"2위
16GB, M.2 256GB
1,209,640
원
5몰
VS상품비교에 추가
New 새로워진 상품비교 기능을 이용해보세요."
1,포유컴퓨터 퍼포먼스PC 47 R5 7500F RTX5060Ti,7500F / RTX 5060 Ti / (AMD) B650 / OS미포함 / 700W / AMD / 라이젠 7000시리즈 / 라이젠5 / 라파엘 / DDR5 / 16GB / M.2 / 500GB / NVIDIA / 1Gbps 유선 / HDMI / DP포트 / 파워서플라이 / 미들타워 / 어항형 / LED쿨러 / 용도: 게임용,"2위
16GB, M.2 500GB
1,579,200
원
5몰
VS상품비교에 추가"
1,MSI MAG Codex Z2 A9NVR A18 R7-9800X3D RTX 5070 Ti 게이밍,9800X3D / RTX 5070 Ti / (AMD) B850 / OS미포함 / 850W / AMD / 라이젠 9000시리즈 / 라이젠7 / 그래니트 릿지 / DDR5 / 32GB / M.2 / 1TB / NVIDIA / 그래픽 메모리: 16GB / 5Gbps 유선 / 802.11be(Wi-Fi 7) 무선 / 블루투스 / HDMI / DP포트 / USB3.x 10Gbps / USB3.x 5Gbps / USB C타입 10Gbps / 파워서플라이 / 미들타워 / 수랭쿨러 / LED쿨러 / 용도: 게임용,"32GB, M.2 1TB
3,949,720
원
1몰
VS상품비교에 추가"
1,포유컴퓨터 퍼포먼스PC 37 R5 5600 RTX5060,5600 / RTX 5060 / (AMD) A520 / OS미포함 / 600W / AMD / 라이젠 5000시리즈 / 라이젠5 / 버미어 / DDR4 / 16GB / M.2 / 500GB / NVIDIA / 1Gbps 유선 / HDMI / DP포트 / 파워서플라이 / 미들타워 / 어항형 / LED쿨러 / 용도: 게임용,"1위
16GB, M.2 500GB
1,293,120
원
5몰
VS상품비교에 추가"
1,영웅컴퓨터 영웅 게이밍울트라 7857 R7 7800X3D RTX5070,7800X3D / RTX 5070 / (AMD) B650 / OS미포함 / 800W / AMD / 라이젠 7000시리즈 / 라이젠7 / 라파엘 / DDR5 / 32GB / M.2 / 1TB / NVIDIA / 그래픽 메모리: 12GB / 1Gbps 유선 / HDMI / DP포트 / 파워서플라이 / 미들타워 / 어항형 / LED쿨러 / 용도: 게임용,"1위
32GB, M.2 1TB
2,809,660
원
5몰
VS상품비교에 추가"
1,영웅컴퓨터 영웅 게이밍울트라 7546GT R5 7500F RTX5060Ti,7500F / RTX 5060 Ti / (AMD) A620 / OS미포함 / 700W / AMD / 라이젠 7000시리즈 / 라이젠5 / 라파엘 / DDR5 / 16GB / M.2 / 512GB / NVIDIA / 그래픽 메모리: 8GB / 1Gbps 유선 / HDMI / DP포트 / 파워서플라이 / 미들타워 / 어항형 / LED쿨러 / 용도: 게임용,"2위
16GB, M.2 512GB
1,539,640
원
5몰
VS상품비교에 추가"
1,영웅컴퓨터 영웅 울트라게이밍 9800XS R7 9800X3D RTX5080,9800X3D / RTX 5080 / (AMD) B650 / OS미포함 / 900W / AMD / 라이젠 9000시리즈 / 라이젠7 / 그래니트 릿지 / DDR5 / 32GB / M.2 / 1TB / NVIDIA / 그래픽 메모리: 16GB / 1Gbps 유선 / HDMI / DP포트 / 파워서플라이 / 미들타워 / 어항형 / 수랭쿨러 / LED쿨러 / 용도: 게임용,"32GB, M.2 1TB
4,479,630
원
5몰
VS상품비교에 추가"
1,MSI MAG CODEX Z2 A9NVP MA09 R5-9600X RTX 5070 게이밍,9600X / RTX 5070 / (AMD) B850 / OS미포함 / 750W / AMD / 라이젠 9000시리즈 / 라이젠5 / 그래니트 릿지 / DDR5 / 16GB / M.2 / 1TB / NVIDIA / 그래픽 메모리: 12GB / 5Gbps 유선 / HDMI / DP포트 / USB3.x 10Gbps / USB3.x 5Gbps / USB C타입 10Gbps / 파워서플라이 / 미들타워 / LED쿨러 / 용도: 게임용 / 구성변경상품,"1위
16GB, M.2 1TB
2,549,480
원
5몰
VS상품비교에 추가"
1,다나와표준PC 게임용 250719,9600X / RTX 5070 / (AMD) B850 / OS미포함 / 850W / AMD / 라이젠 9000시리즈 / 라이젠5 / 그래니트 릿지 / DDR5 / 16GB / M.2 / 1TB / NVIDIA / 그래픽 메모리: 12GB / 1Gbps 유선 / 파워서플라이 / 미들타워 / 어항형 / LED쿨러 / 용도: 게임용,"16GB, M.2 1TB
2,838,840
원
14몰
VS상품비교에 추가"
1,다나와표준PC 게임용 250810,7500F / RTX 5060 / (AMD) B650 / OS미포함 / 750W / AMD / 라이젠 7000시리즈 / 라이젠5 / 라파엘 / DDR5 / 16GB / M.2 / 512GB / NVIDIA / 그래픽 메모리: 8GB / 1Gbps 유선 / HDMI / DP포트 / 파워서플라이 / 미들타워 / LED쿨러 / 용도: 게임용,"16GB, M.2 512GB
1,788,000
원
14몰
VS상품비교에 추가"
1,마이피씨샵 DIY 게이밍 마스터 7500F RTX5060,7500F / RTX 5060 / (AMD) A620 / OS미포함 / 600W / AMD / 라이젠 7000시리즈 / 라이젠5 / 라파엘 / DDR5 / 16GB / M.2 / 500GB / NVIDIA / 그래픽 메모리: 8GB / 1Gbps 유선 / HDMI / DP포트 / 파워서플라이 / 미들타워 / 어항형 / LED쿨러 / 용도: 게임용,"1위
16GB, M.2 500GB
1,493,850
원
4몰
VS상품비교에 추가"
1,영웅컴퓨터 영웅 RL3461F i5-13400F RTX5060Ti,i5-13400F / RTX 5060 Ti / (인텔) H610 / OS미포함 / 600W / 인텔 / 코어 13세대 / 코어i5 / 랩터레이크 / DDR5 / 16GB / M.2 / 512GB / NVIDIA / 그래픽 메모리: 8GB / 1Gbps 유선 / HDMI / DP포트 / 파워서플라이 / 미들타워 / 용도: 게임용,"1위
16GB, M.2 512GB
1,539,640
원
5몰
VS상품비교에 추가"
1,피씨스토어 베스트 게이밍PC 울트라5 250K PLUS RTX 5060,250K Plus / RTX 5060 / (인텔) B860 / OS미포함 / 750W / 인텔 / 코어울트라 시리즈2 / 코어 울트라5 / 애로우레이크 / 인텔 AI Boost / 13TOPS / DDR5 / 16GB / M.2 / 500GB / NVIDIA / 그래픽 메모리: 8GB / 1Gbps 유선 / HDMI / DP포트 / 파워서플라이 / 미들타워 / LED쿨러 / 용도: 게임용,"16GB, M.2 500GB
2,073,680
원
7몰
VS상품비교에 추가"
1,MSI MPG Infinite Z2 X3D C9NVV A20-2 R7-9800X3D RTX 5080 게이밍,9800X3D / RTX 5080 / (AMD) B850 / OS미포함 / 850W / AMD / 라이젠 9000시리즈 / 라이젠7 / 그래니트 릿지 / DDR5 / 32GB / M.2 / 1TB / NVIDIA / 그래픽 메모리: 16GB / 2.5Gbps 유선 / 802.11ax(Wi-Fi 6E) 무선 / 블루투스 / HDMI / DP포트 / USB3.x 10Gbps / USB3.x 5Gbps / USB C타입 10Gbps / 파워서플라이 / 미들타워 / 어항형 / 수랭쿨러 / LED쿨러 / 용도: 게임용,"32GB, M.2 1TB
4,549,560
원
4몰
VS상품비교에 추가"
1,STCOM STAI-V212 Win11Home,250KF Plus / RTX 5060 Ti / (인텔) B860 / 윈도우11 / 700W / 인텔 / 코어울트라 시리즈2 / 코어 울트라5 / 애로우레이크 / 인텔 AI Boost / 13TOPS / DDR5 / 32GB / M.2 / 1TB / NVIDIA / 그래픽 메모리: 8GB / 1Gbps 유선 / HDMI / DP포트 / 파워서플라이 / 미들타워 / 용도: 게임용,"32GB, M.2 1TB
2,380,040
원
3몰
VS상품비교에 추가"
1,영웅컴퓨터 영웅 게이밍프로 5646M R5 5600 RTX5050,5600 / RTX 5050 / (AMD) A520 / OS미포함 / 600W / AMD / 라이젠 5000시리즈 / 라이젠5 / 버미어 / DDR4 / 16GB / M.2 / 512GB / NVIDIA / 그래픽 메모리: 8GB / 1Gbps 유선 / HDMI / DP포트 / 파워서플라이 / 미들타워 / 어항형 / LED쿨러 / 용도: 게임용,"2위
16GB, M.2 512GB
1,057,720
원
5몰
VS상품비교에 추가"
1,모맨 겜덕피시 게이밍 i5-14400F RTX5060,i5-14400F / RTX 5060 / (인텔) B760 / OS미포함 / 600W / 인텔 / 코어 14세대 / 코어i5 / 랩터레이크-R / DDR5 / 32GB / M.2 / 1TB / NVIDIA / 그래픽 메모리: 8GB / 1Gbps 유선 / HDMI / DP포트 / 파워서플라이 / 미들타워 / 어항형 / LED쿨러 / 용도: 게임용,"32GB, M.2 1TB
2,390,000
원
2몰
VS상품비교에 추가"
1,타무즈 게이밍PC TZ330T6HCAA,7800X3D / RTX 5060 Ti / (AMD) B650 / OS미포함 / 800W / AMD / 라이젠 7000시리즈 / 라이젠7 / 라파엘 / DDR5 / 16GB / M.2 / 1TB / NVIDIA / 그래픽 메모리: 8GB / 1Gbps 유선 / HDMI / DP포트 / USB3.x 5Gbps / 파워서플라이 / 미들타워 / 어항형 / 용도: 게임용,"2위
16GB, M.2 1TB
1,923,670
원
3몰
VS상품비교에 추가"
1,타무즈 TZ300N1FDAA,i5-14400F / GTX 1660 SUPER / (인텔) H610 / OS미포함 / 600W / 인텔 / 코어 14세대 / 코어i5 / 랩터레이크-R / DDR4 / 16GB / M.2 / 512GB / NVIDIA / 그래픽 메모리: 6GB / 1Gbps 유선 / HDMI / DP포트 / USB3.x 5Gbps / 파워서플라이 / 미들타워 / 용도: 게임용,"2위
16GB, M.2 512GB
939,860
원
3몰
VS상품비교에 추가"
1,피씨스토어 화이트 어항 PC 7500F RTX5060 360,7500F / RTX 5060 / (AMD) B650 / OS미포함 / 750W / AMD / 라이젠 7000시리즈 / 라이젠5 / 라파엘 / DDR5 / 32GB / M.2 / 500GB / NVIDIA / 그래픽 메모리: 8GB / 1Gbps 유선 / HDMI / DP포트 / 파워서플라이 / 미들타워 / 어항형 / LED쿨러 / 용도: 게임용,"1위
32GB, M.2 500GB
2,349,310
원
9몰
VS상품비교에 추가"
1,영웅컴퓨터 영웅 울트라게이밍 플러스 P003 265KF RTX5070,265KF / RTX 5070 / (인텔) B860 / OS미포함 / 800W / 인텔 / 코어울트라 시리즈2 / 코어 울트라7 / 애로우레이크 / 인텔 AI Boost / 13TOPS / DDR5 / 32GB / M.2 / 1TB / NVIDIA / 그래픽 메모리: 12GB / 1Gbps 유선 / HDMI / DP포트 / 파워서플라이 / 미들타워 / 어항형 / 수랭쿨러 / LED쿨러 / 용도: 게임용,"32GB, M.2 1TB
2,909,620
원
5몰
VS상품비교에 추가"
1,피씨스토어 베스트 게이밍 7500F RTX5060 700W,7500F / RTX 5060 / (AMD) A620 / OS미포함 / 700W / AMD / 라이젠 7000시리즈 / 라이젠5 / 라파엘 / DDR5 / 16GB / M.2 / 500GB / NVIDIA / 그래픽 메모리: 8GB / 1Gbps 유선 / HDMI / DP포트 / 파워서플라이 / 미들타워 / LED쿨러 / 용도: 게임용,"1위
16GB, M.2 500GB
1,741,720
원
9몰
VS상품비교에 추가"
1,다나와표준PC 전문가용 250825,265K / RTX 5080 / (인텔) B860 / OS미포함 / 850W / 인텔 / 코어울트라 시리즈2 / 코어 울트라7 / 애로우레이크 / 인텔 AI Boost / 13TOPS / DDR5 / 16GB / M.2 / 512GB / NVIDIA / 그래픽 메모리: 16GB / 1Gbps 유선 / 파워서플라이 / 미들타워 / 어항형 / 수랭쿨러 / LED쿨러 / 용도: 게임용,"16GB, M.2 512GB
4,606,000
원
9몰
VS상품비교에 추가"
1,다나와표준PC DPG 게임용 250723,265KF / RTX 5060 Ti / (인텔) B860 / OS미포함 / 850W / 인텔 / 코어울트라 시리즈2 / 코어 울트라7 / 애로우레이크 / 인텔 AI Boost / 13TOPS / DDR5 / 16GB / M.2 / 1TB / NVIDIA / 그래픽 메모리: 8GB / 1Gbps 유선 / 파워서플라이 / 미들타워 / 어항형 / 수랭쿨러 / LED쿨러 / 용도: 게임용,"16GB, M.2 1TB
2,630,000
원
14몰
VS상품비교에 추가"
1,영웅컴퓨터 영웅 게이밍울트라 9757 R7 9700X RTX5070,9700X / RTX 5070 / (AMD) B650 / OS미포함 / 800W / AMD / 라이젠 9000시리즈 / 라이젠7 / 그래니트 릿지 / DDR5 / 32GB / M.2 / 1TB / NVIDIA / 그래픽 메모리: 12GB / 1Gbps 유선 / HDMI / DP포트 / 파워서플라이 / 미들타워 / 어항형 / LED쿨러 / 용도: 게임용,"32GB, M.2 1TB
2,779,780
원
5몰
VS상품비교에 추가"
1,다나와표준PC 게임용 250818,7800X3D / RX 9070 XT / (AMD) B850 / OS미포함 / 850W / AMD / 라이젠 7000시리즈 / 라이젠7 / 라파엘 / DDR5 / 16GB / M.2 / 1TB / AMD / 그래픽 메모리: 16GB / 1Gbps 유선 / HDMI / DP포트 / 파워서플라이 / 빅타워 / 어항형 / LED쿨러 / 용도: 게임용,"16GB, M.2 1TB
3,144,150
원
9몰
VS상품비교에 추가"
1,다나와표준PC 전문가용 250826,9900X3D / RTX 5070 Ti / (AMD) X870E / OS미포함 / 1000W / AMD / 라이젠 9000시리즈 / 라이젠9 / 그래니트 릿지 / DDR5 / 16GB / HDD:2TB / M.2 / 1TB / NVIDIA / 그래픽 메모리: 16GB / 1Gbps 유선 / HDMI / DP포트 / 파워서플라이 / 빅타워 / 어항형 / 수랭쿨러 / LED쿨러 / 용도: 게임용,"16GB, M.2 1TB + HDD 2TB
4,812,340
원
5몰
VS상품비교에 추가"
1,다나와표준PC 게임용 250816,i5-14400F / RTX 5060 Ti / (인텔) B760 / OS미포함 / 800W / 인텔 / 코어 14세대 / 코어i5 / 랩터레이크-R / DDR5 / 16GB / M.2 / 500GB / NVIDIA / 그래픽 메모리: 16GB / 1Gbps 유선 / HDMI / DP포트 / 파워서플라이 / 미들타워 / 어항형 / LED쿨러 / 용도: 게임용,"16GB, M.2 500GB
2,290,590
원
11몰
VS상품비교에 추가"
1,다나와표준PC 게임용 250812,i5-14400F / RTX 5060 / (인텔) B760 / OS미포함 / 850W / 인텔 / 코어 14세대 / 코어i5 / 랩터레이크-R / DDR5 / 16GB / M.2 / 500GB / NVIDIA / 그래픽 메모리: 8GB / 1Gbps 유선 / HDMI / DP포트 / 파워서플라이 / 미들타워 / 어항형 / LED쿨러 / 용도: 게임용,"16GB, M.2 500GB
1,848,000
원
13몰
VS상품비교에 추가"
1,영웅컴퓨터 영웅 H게이밍 2561F 225F RTX5060Ti,225F / RTX 5060 Ti / (인텔) H810 / OS미포함 / 600W / 인텔 / 코어울트라 시리즈2 / 코어 울트라5 / 애로우레이크 / 인텔 AI Boost / 13TOPS / DDR5 / 16GB / M.2 / 512GB / NVIDIA / 그래픽 메모리: 8GB / 1Gbps 유선 / HDMI / DP포트 / 파워서플라이 / 미들타워 / 어항형 / LED쿨러 / 용도: 게임용,"2위
16GB, M.2 512GB
1,569,650
원
5몰
VS상품비교에 추가"
